source_document,source_page,source_url,program_name_raw,program_name_standardized,mapping_type,fiscal_year,metric_type,amount,raw_value,metric_context
2023-24_sa_fee_memo.pdf,3,https://studentleadership.seattlecentral.edu/sites/studentleadership.seattlecentral.edu/files/2023-09/2223-SA-Fees-Memo.pdf,ASC Book Fund,ASC Book Fund,same,2022-23,allocation,3000.0,"$3,000.00",
2023-24_sa_fee_memo.pdf,3,https://studentleadership.seattlecentral.edu/sites/studentleadership.seattlecentral.edu/files/2023-09/2223-SA-Fees-Memo.pdf,"Equity, Diversity, Inclusion, and Community","Accessibility, Community, & Opportunity",renamed_or_reorganized,2022-23,allocation,11500.0,"$11,500.00",
2023-24_sa_fee_memo.pdf,3,https://studentleadership.seattlecentral.edu/sites/studentleadership.seattlecentral.edu/files/2023-09/2223-SA-Fees-Memo.pdf,Associated Student Council,Associated Student Council,same,2022-23,allocation,56953.0,"$56,953.00",
2023-24_sa_fee_memo.pdf,3,https://studentleadership.seattlecentral.edu/sites/studentleadership.seattlecentral.edu/files/2023-09/2223-SA-Fees-Memo.pdf,Bruce Mckenna Writing Center,Bruce McKenna Writing Center,spelling_variant,2022-23,allocation,56039.01,"$56,039.01",
2023-24_sa_fee_memo.pdf,3,https://studentleadership.seattlecentral.edu/sites/studentleadership.seattlecentral.edu/files/2023-09/2223-SA-Fees-Memo.pdf,Cultural Programming & Development (CAB),Cultural Programming & Development (CAB),same,2022-23,allocation,116767.0,"$116,767.00",
2023-24_sa_fee_memo.pdf,3,https://studentleadership.seattlecentral.edu/sites/studentleadership.seattlecentral.edu/files/2023-09/2223-SA-Fees-Memo.pdf,Emergency Fund,Emergency Fund,same,2022-23,allocation,25000.0,"$25,000.00",
2023-24_sa_fee_memo.pdf,3,https://studentleadership.seattlecentral.edu/sites/studentleadership.seattlecentral.edu/files/2023-09/2223-SA-Fees-Memo.pdf,Info Central,Information Central,renamed_or_relabelled,2022-23,allocation,157950.76,"$157,950.76",
2023-24_sa_fee_memo.pdf,3,https://studentleadership.seattlecentral.edu/sites/studentleadership.seattlecentral.edu/files/2023-09/2223-SA-Fees-Memo.pdf,Leadership & Orientation Training,Leadership & Orientation Training,same,2022-23,allocation,12600.0,"$12,600.00",
2023-24_sa_fee_memo.pdf,3,https://studentleadership.seattlecentral.edu/sites/studentleadership.seattlecentral.edu/files/2023-09/2223-SA-Fees-Memo.pdf,Learning Support Network,Learning Support Network,same,2022-23,allocation,419159.0,"$419,159.00",
2023-24_sa_fee_memo.pdf,3,https://studentleadership.seattlecentral.edu/sites/studentleadership.seattlecentral.edu/files/2023-09/2223-SA-Fees-Memo.pdf,M. Rosetta Hunter Art Gallary,M. Rosetta Hunter Art Gallery,spelling_variant,2022-23,allocation,57513.12,"$57,513.12",
2023-24_sa_fee_memo.pdf,3,https://studentleadership.seattlecentral.edu/sites/studentleadership.seattlecentral.edu/files/2023-09/2223-SA-Fees-Memo.pdf,Office Management,Office Management,same,2022-23,allocation,71667.33,"$71,667.33",
2023-24_sa_fee_memo.pdf,3,https://studentleadership.seattlecentral.edu/sites/studentleadership.seattlecentral.edu/files/2023-09/2223-SA-Fees-Memo.pdf,Parent Support Network,Parent Support Network,historical_only,2022-23,allocation,25000.0,"$25,000.00",
2023-24_sa_fee_memo.pdf,3,https://studentleadership.seattlecentral.edu/sites/studentleadership.seattlecentral.edu/files/2023-09/2223-SA-Fees-Memo.pdf,Phi Theta Kappa,Phi Theta Kappa,same,2022-23,allocation,32755.0,"$32,755.00",
2023-24_sa_fee_memo.pdf,3,https://studentleadership.seattlecentral.edu/sites/studentleadership.seattlecentral.edu/files/2023-09/2223-SA-Fees-Memo.pdf,SWAP,Seattle Collegian,renamed_or_relabelled,2022-23,allocation,52073.0,"$52,073.00",
2023-24_sa_fee_memo.pdf,3,https://studentleadership.seattlecentral.edu/sites/studentleadership.seattlecentral.edu/files/2023-09/2223-SA-Fees-Memo.pdf,Services & Activities Fees Committee,Services & Activities Fees Committee,same,2022-23,allocation,,-,
2023-24_sa_fee_memo.pdf,3,https://studentleadership.seattlecentral.edu/sites/studentleadership.seattlecentral.edu/files/2023-09/2223-SA-Fees-Memo.pdf,Student Leadership Program,Student Leadership Program,same,2022-23,allocation,131195.78,"$131,195.78",
2023-24_sa_fee_memo.pdf,3,https://studentleadership.seattlecentral.edu/sites/studentleadership.seattlecentral.edu/files/2023-09/2223-SA-Fees-Memo.pdf,SORC,Student Organization Hub,renamed_or_relabelled,2022-23,allocation,122220.0,"$122,220.00",
2023-24_sa_fee_memo.pdf,3,https://studentleadership.seattlecentral.edu/sites/studentleadership.seattlecentral.edu/files/2023-09/2223-SA-Fees-Memo.pdf,Student Resource Support,Student Resource Support,same,2022-23,allocation,136607.0,"$136,607.00",
2023-24_sa_fee_memo.pdf,3,https://studentleadership.seattlecentral.edu/sites/studentleadership.seattlecentral.edu/files/2023-09/2223-SA-Fees-Memo.pdf,Student Services,Student Services,historical_only,2022-23,allocation,0.0,$0.00,
2023-24_sa_fee_memo.pdf,3,https://studentleadership.seattlecentral.edu/sites/studentleadership.seattlecentral.edu/files/2023-09/2223-SA-Fees-Memo.pdf,Wood Technology Center,Wood Technology Center,same,2022-23,allocation,12000.0,"$12,000.00",
2025-26_sa_budget_summary.pdf,1,https://studentleadership.seattlecentral.edu/sites/studentleadership.seattlecentral.edu/files/2026-02/FY26_S%26A_Budget%20Summary_Final.pdf,AANAPISI,AANAPISI,same,2023-24,allocation,0.0,$0.00,
2023-24_sa_fee_memo.pdf,3,https://studentleadership.seattlecentral.edu/sites/studentleadership.seattlecentral.edu/files/2023-09/2223-SA-Fees-Memo.pdf,ASC Book Fund,ASC Book Fund,same,2023-24,allocation,2000.0,"$2,000.00",
2024-25_sa_fee_memo.pdf,3,https://studentleadership.seattlecentral.edu/sites/studentleadership.seattlecentral.edu/files/2025-01/2024-25%20Student%20Services%20and%20Activities%20Fees%20Memo.pdf,ASC Book Fund,ASC Book Fund,same,2023-24,allocation,2000.0,"$2,000.00",
2025-26_sa_budget_summary.pdf,1,https://studentleadership.seattlecentral.edu/sites/studentleadership.seattlecentral.edu/files/2026-02/FY26_S%26A_Budget%20Summary_Final.pdf,ASC Book Fund,ASC Book Fund,same,2023-24,allocation,2000.0,"$2,000.00",
2023-24_sa_fee_memo.pdf,3,https://studentleadership.seattlecentral.edu/sites/studentleadership.seattlecentral.edu/files/2023-09/2223-SA-Fees-Memo.pdf,"Equity, Diversity, Inclusion, and Community","Accessibility, Community, & Opportunity",renamed_or_reorganized,2023-24,allocation,9000.0,"$9,000.00",
2024-25_sa_fee_memo.pdf,3,https://studentleadership.seattlecentral.edu/sites/studentleadership.seattlecentral.edu/files/2025-01/2024-25%20Student%20Services%20and%20Activities%20Fees%20Memo.pdf,"Equity, Diversity, Inclusion, and Community","Accessibility, Community, & Opportunity",renamed_or_reorganized,2023-24,allocation,9000.0,"$9,000.00",
2025-26_sa_budget_summary.pdf,1,https://studentleadership.seattlecentral.edu/sites/studentleadership.seattlecentral.edu/files/2026-02/FY26_S%26A_Budget%20Summary_Final.pdf,"Accessibility, Community, &
Opportunity","Accessibility, Community, & Opportunity",same,2023-24,allocation,9000.0,"$9,000.00",
2023-24_sa_fee_memo.pdf,3,https://studentleadership.seattlecentral.edu/sites/studentleadership.seattlecentral.edu/files/2023-09/2223-SA-Fees-Memo.pdf,Associated Student Council,Associated Student Council,same,2023-24,allocation,64539.0,"$64,539.00",
2024-25_sa_fee_memo.pdf,3,https://studentleadership.seattlecentral.edu/sites/studentleadership.seattlecentral.edu/files/2025-01/2024-25%20Student%20Services%20and%20Activities%20Fees%20Memo.pdf,Associated Student Council,Associated Student Council,same,2023-24,allocation,64539.0,"$64,539.00",
2025-26_sa_budget_summary.pdf,1,https://studentleadership.seattlecentral.edu/sites/studentleadership.seattlecentral.edu/files/2026-02/FY26_S%26A_Budget%20Summary_Final.pdf,Associated Student Council,Associated Student Council,same,2023-24,allocation,64539.0,"$64,539.00",
2023-24_sa_fee_memo.pdf,3,https://studentleadership.seattlecentral.edu/sites/studentleadership.seattlecentral.edu/files/2023-09/2223-SA-Fees-Memo.pdf,Bruce Mckenna Writing Center,Bruce McKenna Writing Center,spelling_variant,2023-24,allocation,0.0,$0,
2024-25_sa_fee_memo.pdf,3,https://studentleadership.seattlecentral.edu/sites/studentleadership.seattlecentral.edu/files/2025-01/2024-25%20Student%20Services%20and%20Activities%20Fees%20Memo.pdf,Child Assist Program,Child Assist Program,same,2023-24,allocation,20000.0,"$20,000.00",
2025-26_sa_budget_summary.pdf,1,https://studentleadership.seattlecentral.edu/sites/studentleadership.seattlecentral.edu/files/2026-02/FY26_S%26A_Budget%20Summary_Final.pdf,"Child Assist Program [combined in
SSP]",Child Assist Program,merged_into_ssp,2023-24,allocation,20000.0,"$20,000.00",
2023-24_sa_fee_memo.pdf,3,https://studentleadership.seattlecentral.edu/sites/studentleadership.seattlecentral.edu/files/2023-09/2223-SA-Fees-Memo.pdf,Cultural Programming & Development (CAB),Cultural Programming & Development (CAB),same,2023-24,allocation,116767.0,"$116,767.00",
2024-25_sa_fee_memo.pdf,3,https://studentleadership.seattlecentral.edu/sites/studentleadership.seattlecentral.edu/files/2025-01/2024-25%20Student%20Services%20and%20Activities%20Fees%20Memo.pdf,Cultural Programming & Development (CAB),Cultural Programming & Development (CAB),same,2023-24,allocation,116767.0,"$116,767.00",
2025-26_sa_budget_summary.pdf,1,https://studentleadership.seattlecentral.edu/sites/studentleadership.seattlecentral.edu/files/2026-02/FY26_S%26A_Budget%20Summary_Final.pdf,"Cultural Programming & Development
(CAB)",Cultural Programming & Development (CAB),same,2023-24,allocation,116767.0,"$116,767.00",
2023-24_sa_fee_memo.pdf,3,https://studentleadership.seattlecentral.edu/sites/studentleadership.seattlecentral.edu/files/2023-09/2223-SA-Fees-Memo.pdf,Emergency Fund,Emergency Fund,same,2023-24,allocation,25000.0,"$25,000.00",
2024-25_sa_fee_memo.pdf,3,https://studentleadership.seattlecentral.edu/sites/studentleadership.seattlecentral.edu/files/2025-01/2024-25%20Student%20Services%20and%20Activities%20Fees%20Memo.pdf,Emergency Fund,Emergency Fund,same,2023-24,allocation,25000.0,"$25,000.00",
2025-26_sa_budget_summary.pdf,1,https://studentleadership.seattlecentral.edu/sites/studentleadership.seattlecentral.edu/files/2026-02/FY26_S%26A_Budget%20Summary_Final.pdf,Emergency Fund,Emergency Fund,same,2023-24,allocation,25000.0,"$25,000.00",
2025-26_sa_budget_summary.pdf,1,https://studentleadership.seattlecentral.edu/sites/studentleadership.seattlecentral.edu/files/2026-02/FY26_S%26A_Budget%20Summary_Final.pdf,First Year Experience Peer Mentors,First Year Experience Peer Mentors,same,2023-24,allocation,0.0,$0.00,
2025-26_sa_budget_summary.pdf,1,https://studentleadership.seattlecentral.edu/sites/studentleadership.seattlecentral.edu/files/2026-02/FY26_S%26A_Budget%20Summary_Final.pdf,Food and Resource Pantry,Food and Resource Pantry,same,2023-24,allocation,0.0,$0.00,
2023-24_sa_fee_memo.pdf,3,https://studentleadership.seattlecentral.edu/sites/studentleadership.seattlecentral.edu/files/2023-09/2223-SA-Fees-Memo.pdf,Info Central,Information Central,renamed_or_relabelled,2023-24,allocation,157950.0,"157,950.00",
2024-25_sa_fee_memo.pdf,3,https://studentleadership.seattlecentral.edu/sites/studentleadership.seattlecentral.edu/files/2025-01/2024-25%20Student%20Services%20and%20Activities%20Fees%20Memo.pdf,Info Central,Information Central,renamed_or_relabelled,2023-24,allocation,157950.0,"$157,950.00",
2025-26_sa_budget_summary.pdf,1,https://studentleadership.seattlecentral.edu/sites/studentleadership.seattlecentral.edu/files/2026-02/FY26_S%26A_Budget%20Summary_Final.pdf,Information Central,Information Central,same,2023-24,allocation,157950.0,"$157,950.00",
2023-24_sa_fee_memo.pdf,3,https://studentleadership.seattlecentral.edu/sites/studentleadership.seattlecentral.edu/files/2023-09/2223-SA-Fees-Memo.pdf,Leadership & Orientation Training,Leadership & Orientation Training,same,2023-24,allocation,8500.0,"$8,500.00",
2024-25_sa_fee_memo.pdf,3,https://studentleadership.seattlecentral.edu/sites/studentleadership.seattlecentral.edu/files/2025-01/2024-25%20Student%20Services%20and%20Activities%20Fees%20Memo.pdf,Leadership & Orientation Training,Leadership & Orientation Training,same,2023-24,allocation,16384.0,"$16,384.00",
2025-26_sa_budget_summary.pdf,1,https://studentleadership.seattlecentral.edu/sites/studentleadership.seattlecentral.edu/files/2026-02/FY26_S%26A_Budget%20Summary_Final.pdf,Leadership & Orientation Training,Leadership & Orientation Training,same,2023-24,allocation,16384.0,"$16,384.00",
2023-24_sa_fee_memo.pdf,3,https://studentleadership.seattlecentral.edu/sites/studentleadership.seattlecentral.edu/files/2023-09/2223-SA-Fees-Memo.pdf,Learning Support Network,Learning Support Network,same,2023-24,allocation,470430.25,"$470,430.25",
2024-25_sa_fee_memo.pdf,3,https://studentleadership.seattlecentral.edu/sites/studentleadership.seattlecentral.edu/files/2025-01/2024-25%20Student%20Services%20and%20Activities%20Fees%20Memo.pdf,Learning Support Network,Learning Support Network,same,2023-24,allocation,470430.25,"$470,430.25",
2025-26_sa_budget_summary.pdf,1,https://studentleadership.seattlecentral.edu/sites/studentleadership.seattlecentral.edu/files/2026-02/FY26_S%26A_Budget%20Summary_Final.pdf,Learning Support Network,Learning Support Network,same,2023-24,allocation,470430.25,"$470,430.25",
2023-24_sa_fee_memo.pdf,3,https://studentleadership.seattlecentral.edu/sites/studentleadership.seattlecentral.edu/files/2023-09/2223-SA-Fees-Memo.pdf,M. Rosetta Hunter Art Gallary,M. Rosetta Hunter Art Gallery,spelling_variant,2023-24,allocation,57513.12,"$57,513.12",
2024-25_sa_fee_memo.pdf,3,https://studentleadership.seattlecentral.edu/sites/studentleadership.seattlecentral.edu/files/2025-01/2024-25%20Student%20Services%20and%20Activities%20Fees%20Memo.pdf,M. Rosetta Hunter Art Gallery,M. Rosetta Hunter Art Gallery,same,2023-24,allocation,57513.0,"$57,513.00",
2025-26_sa_budget_summary.pdf,2,https://studentleadership.seattlecentral.edu/sites/studentleadership.seattlecentral.edu/files/2026-02/FY26_S%26A_Budget%20Summary_Final.pdf,M. Rosetta Hunter Art Gallery,M. Rosetta Hunter Art Gallery,same,2023-24,allocation,57513.0,"$57,513.00",
2023-24_sa_fee_memo.pdf,3,https://studentleadership.seattlecentral.edu/sites/studentleadership.seattlecentral.edu/files/2023-09/2223-SA-Fees-Memo.pdf,Office Management,Office Management,same,2023-24,allocation,74824.0,"$74,824.00",
2024-25_sa_fee_memo.pdf,3,https://studentleadership.seattlecentral.edu/sites/studentleadership.seattlecentral.edu/files/2025-01/2024-25%20Student%20Services%20and%20Activities%20Fees%20Memo.pdf,Office Management,Office Management,same,2023-24,allocation,74824.0,"$74,824.00",
2025-26_sa_budget_summary.pdf,2,https://studentleadership.seattlecentral.edu/sites/studentleadership.seattlecentral.edu/files/2026-02/FY26_S%26A_Budget%20Summary_Final.pdf,Office Management,Office Management,same,2023-24,allocation,74824.0,"$74,824.00",
2023-24_sa_fee_memo.pdf,3,https://studentleadership.seattlecentral.edu/sites/studentleadership.seattlecentral.edu/files/2023-09/2223-SA-Fees-Memo.pdf,Parent Support Network,Parent Support Network,historical_only,2023-24,allocation,20000.0,"$20,000.00",
2023-24_sa_fee_memo.pdf,3,https://studentleadership.seattlecentral.edu/sites/studentleadership.seattlecentral.edu/files/2023-09/2223-SA-Fees-Memo.pdf,Phi Theta Kappa,Phi Theta Kappa,same,2023-24,allocation,35000.0,"$35,000.00",
2024-25_sa_fee_memo.pdf,3,https://studentleadership.seattlecentral.edu/sites/studentleadership.seattlecentral.edu/files/2025-01/2024-25%20Student%20Services%20and%20Activities%20Fees%20Memo.pdf,Phi Theta Kappa,Phi Theta Kappa,same,2023-24,allocation,35000.0,"$35,000.00",
2025-26_sa_budget_summary.pdf,2,https://studentleadership.seattlecentral.edu/sites/studentleadership.seattlecentral.edu/files/2026-02/FY26_S%26A_Budget%20Summary_Final.pdf,Phi Theta Kappa,Phi Theta Kappa,same,2023-24,allocation,35000.0,"$35,000.00",
2023-24_sa_fee_memo.pdf,3,https://studentleadership.seattlecentral.edu/sites/studentleadership.seattlecentral.edu/files/2023-09/2223-SA-Fees-Memo.pdf,SWAP,Seattle Collegian,renamed_or_relabelled,2023-24,allocation,52073.0,"$52,073.00",
2024-25_sa_fee_memo.pdf,3,https://studentleadership.seattlecentral.edu/sites/studentleadership.seattlecentral.edu/files/2025-01/2024-25%20Student%20Services%20and%20Activities%20Fees%20Memo.pdf,Seattle Collegian,Seattle Collegian,same,2023-24,allocation,52073.0,"$52,073.00",
2025-26_sa_budget_summary.pdf,2,https://studentleadership.seattlecentral.edu/sites/studentleadership.seattlecentral.edu/files/2026-02/FY26_S%26A_Budget%20Summary_Final.pdf,The Seattle Collegian,Seattle Collegian,naming_variant,2023-24,allocation,52073.0,"$52,073.00",
2023-24_sa_fee_memo.pdf,3,https://studentleadership.seattlecentral.edu/sites/studentleadership.seattlecentral.edu/files/2023-09/2223-SA-Fees-Memo.pdf,Services & Activities Fees Committee,Services & Activities Fees Committee,same,2023-24,allocation,5416.0,"$5,416.00",
2024-25_sa_fee_memo.pdf,3,https://studentleadership.seattlecentral.edu/sites/studentleadership.seattlecentral.edu/files/2025-01/2024-25%20Student%20Services%20and%20Activities%20Fees%20Memo.pdf,Services & Activities Fees Committee,Services & Activities Fees Committee,same,2023-24,allocation,7500.0,"$7,500.00",
2025-26_sa_budget_summary.pdf,2,https://studentleadership.seattlecentral.edu/sites/studentleadership.seattlecentral.edu/files/2026-02/FY26_S%26A_Budget%20Summary_Final.pdf,Services & Activities Fees Committee,Services & Activities Fees Committee,same,2023-24,allocation,7500.0,"$7,500.00",
2024-25_sa_fee_memo.pdf,3,https://studentleadership.seattlecentral.edu/sites/studentleadership.seattlecentral.edu/files/2025-01/2024-25%20Student%20Services%20and%20Activities%20Fees%20Memo.pdf,Student Engagement,Student Engagement,same,2023-24,allocation,0.0,$0.00,
2025-26_sa_budget_summary.pdf,2,https://studentleadership.seattlecentral.edu/sites/studentleadership.seattlecentral.edu/files/2026-02/FY26_S%26A_Budget%20Summary_Final.pdf,Student Engagement,Student Engagement,same,2023-24,allocation,0.0,$0.00,
2023-24_sa_fee_memo.pdf,3,https://studentleadership.seattlecentral.edu/sites/studentleadership.seattlecentral.edu/files/2023-09/2223-SA-Fees-Memo.pdf,Student Leadership Program,Student Leadership Program,same,2023-24,allocation,140985.0,"$140,985.00",
2024-25_sa_fee_memo.pdf,3,https://studentleadership.seattlecentral.edu/sites/studentleadership.seattlecentral.edu/files/2025-01/2024-25%20Student%20Services%20and%20Activities%20Fees%20Memo.pdf,Student Leadership Program,Student Leadership Program,same,2023-24,allocation,140985.0,"$140,985.00",
2025-26_sa_budget_summary.pdf,2,https://studentleadership.seattlecentral.edu/sites/studentleadership.seattlecentral.edu/files/2026-02/FY26_S%26A_Budget%20Summary_Final.pdf,Student Leadership Program,Student Leadership Program,same,2023-24,allocation,140985.0,"$140,985.00",
2023-24_sa_fee_memo.pdf,3,https://studentleadership.seattlecentral.edu/sites/studentleadership.seattlecentral.edu/files/2023-09/2223-SA-Fees-Memo.pdf,SORC,Student Organization Hub,renamed_or_relabelled,2023-24,allocation,120002.63,"$120,002.63",
2024-25_sa_fee_memo.pdf,3,https://studentleadership.seattlecentral.edu/sites/studentleadership.seattlecentral.edu/files/2025-01/2024-25%20Student%20Services%20and%20Activities%20Fees%20Memo.pdf,Student Organization Hub,Student Organization Hub,same,2023-24,allocation,120002.63,"$120,002.63",
2025-26_sa_budget_summary.pdf,2,https://studentleadership.seattlecentral.edu/sites/studentleadership.seattlecentral.edu/files/2026-02/FY26_S%26A_Budget%20Summary_Final.pdf,Student Organization Hub,Student Organization Hub,same,2023-24,allocation,120002.63,"$120,002.63",
2023-24_sa_fee_memo.pdf,3,https://studentleadership.seattlecentral.edu/sites/studentleadership.seattlecentral.edu/files/2023-09/2223-SA-Fees-Memo.pdf,Student Resource Support,Student Resource Support,same,2023-24,allocation,136000.0,"$136,000.00",
2024-25_sa_fee_memo.pdf,3,https://studentleadership.seattlecentral.edu/sites/studentleadership.seattlecentral.edu/files/2025-01/2024-25%20Student%20Services%20and%20Activities%20Fees%20Memo.pdf,Student Resource Support,Student Resource Support,same,2023-24,allocation,139203.3,"$139,203.30",
2025-26_sa_budget_summary.pdf,2,https://studentleadership.seattlecentral.edu/sites/studentleadership.seattlecentral.edu/files/2026-02/FY26_S%26A_Budget%20Summary_Final.pdf,"Student Resource Support [combined
in SSP]",Student Resource Support,merged_into_ssp,2023-24,allocation,139203.3,"$139,203.30",
2023-24_sa_fee_memo.pdf,3,https://studentleadership.seattlecentral.edu/sites/studentleadership.seattlecentral.edu/files/2023-09/2223-SA-Fees-Memo.pdf,Student Services,Student Services,historical_only,2023-24,allocation,0.0,$0,
2025-26_sa_budget_summary.pdf,2,https://studentleadership.seattlecentral.edu/sites/studentleadership.seattlecentral.edu/files/2026-02/FY26_S%26A_Budget%20Summary_Final.pdf,Student Support Program Supervisor,Student Support Program Supervisor,same,2023-24,allocation,0.0,$0.00,
2025-26_sa_budget_summary.pdf,2,https://studentleadership.seattlecentral.edu/sites/studentleadership.seattlecentral.edu/files/2026-02/FY26_S%26A_Budget%20Summary_Final.pdf,Umoja Scholars Program,Umoja Scholars Program,same,2023-24,allocation,0.0,$0.00,
2023-24_sa_fee_memo.pdf,3,https://studentleadership.seattlecentral.edu/sites/studentleadership.seattlecentral.edu/files/2023-09/2223-SA-Fees-Memo.pdf,Wood Technology Center,Wood Technology Center,same,2023-24,allocation,4000.0,"$4,000.00",
2024-25_sa_fee_memo.pdf,3,https://studentleadership.seattlecentral.edu/sites/studentleadership.seattlecentral.edu/files/2025-01/2024-25%20Student%20Services%20and%20Activities%20Fees%20Memo.pdf,Wood Technology Center,Wood Technology Center,same,2023-24,allocation,4000.0,"$4,000.00",
2025-26_sa_budget_summary.pdf,2,https://studentleadership.seattlecentral.edu/sites/studentleadership.seattlecentral.edu/files/2026-02/FY26_S%26A_Budget%20Summary_Final.pdf,Wood Technology Center,Wood Technology Center,same,2023-24,allocation,4000.0,"$4,000.00",
2023-24_sa_fee_memo.pdf,3,https://studentleadership.seattlecentral.edu/sites/studentleadership.seattlecentral.edu/files/2023-09/2223-SA-Fees-Memo.pdf,ASC Book Fund,ASC Book Fund,same,2023-24,request,3000.0,"$3,000.00",
2023-24_sa_fee_memo.pdf,3,https://studentleadership.seattlecentral.edu/sites/studentleadership.seattlecentral.edu/files/2023-09/2223-SA-Fees-Memo.pdf,"Equity, Diversity, Inclusion, and Community","Accessibility, Community, & Opportunity",renamed_or_reorganized,2023-24,request,11500.0,"$11,500.00",
2023-24_sa_fee_memo.pdf,3,https://studentleadership.seattlecentral.edu/sites/studentleadership.seattlecentral.edu/files/2023-09/2223-SA-Fees-Memo.pdf,Associated Student Council,Associated Student Council,same,2023-24,request,64539.0,"$64,539.00",
2023-24_sa_fee_memo.pdf,3,https://studentleadership.seattlecentral.edu/sites/studentleadership.seattlecentral.edu/files/2023-09/2223-SA-Fees-Memo.pdf,Bruce Mckenna Writing Center,Bruce McKenna Writing Center,spelling_variant,2023-24,request,0.0,$0.00,
2023-24_sa_fee_memo.pdf,3,https://studentleadership.seattlecentral.edu/sites/studentleadership.seattlecentral.edu/files/2023-09/2223-SA-Fees-Memo.pdf,Cultural Programming & Development (CAB),Cultural Programming & Development (CAB),same,2023-24,request,116767.0,"$116,767.00",
2023-24_sa_fee_memo.pdf,3,https://studentleadership.seattlecentral.edu/sites/studentleadership.seattlecentral.edu/files/2023-09/2223-SA-Fees-Memo.pdf,Emergency Fund,Emergency Fund,same,2023-24,request,50000.0,"$50,000.00",
2023-24_sa_fee_memo.pdf,3,https://studentleadership.seattlecentral.edu/sites/studentleadership.seattlecentral.edu/files/2023-09/2223-SA-Fees-Memo.pdf,Info Central,Information Central,renamed_or_relabelled,2023-24,request,169521.0,"$169,521.00",
2023-24_sa_fee_memo.pdf,3,https://studentleadership.seattlecentral.edu/sites/studentleadership.seattlecentral.edu/files/2023-09/2223-SA-Fees-Memo.pdf,Leadership & Orientation Training,Leadership & Orientation Training,same,2023-24,request,8500.0,"$8,500.00",
2023-24_sa_fee_memo.pdf,3,https://studentleadership.seattlecentral.edu/sites/studentleadership.seattlecentral.edu/files/2023-09/2223-SA-Fees-Memo.pdf,Learning Support Network,Learning Support Network,same,2023-24,request,540680.0,"$540,680.00",
2023-24_sa_fee_memo.pdf,3,https://studentleadership.seattlecentral.edu/sites/studentleadership.seattlecentral.edu/files/2023-09/2223-SA-Fees-Memo.pdf,M. Rosetta Hunter Art Gallary,M. Rosetta Hunter Art Gallery,spelling_variant,2023-24,request,62872.0,"$62,872.00",
2023-24_sa_fee_memo.pdf,3,https://studentleadership.seattlecentral.edu/sites/studentleadership.seattlecentral.edu/files/2023-09/2223-SA-Fees-Memo.pdf,Office Management,Office Management,same,2023-24,request,74824.0,"$74,824.00",
2023-24_sa_fee_memo.pdf,3,https://studentleadership.seattlecentral.edu/sites/studentleadership.seattlecentral.edu/files/2023-09/2223-SA-Fees-Memo.pdf,Parent Support Network,Parent Support Network,historical_only,2023-24,request,20000.0,"$20,000.00",
2023-24_sa_fee_memo.pdf,3,https://studentleadership.seattlecentral.edu/sites/studentleadership.seattlecentral.edu/files/2023-09/2223-SA-Fees-Memo.pdf,Phi Theta Kappa,Phi Theta Kappa,same,2023-24,request,35000.0,"$35,000.00",
2023-24_sa_fee_memo.pdf,3,https://studentleadership.seattlecentral.edu/sites/studentleadership.seattlecentral.edu/files/2023-09/2223-SA-Fees-Memo.pdf,SWAP,Seattle Collegian,renamed_or_relabelled,2023-24,request,68720.0,"$68,720.00",
2023-24_sa_fee_memo.pdf,3,https://studentleadership.seattlecentral.edu/sites/studentleadership.seattlecentral.edu/files/2023-09/2223-SA-Fees-Memo.pdf,Services & Activities Fees Committee,Services & Activities Fees Committee,same,2023-24,request,5416.0,"$5,416.00",
2023-24_sa_fee_memo.pdf,3,https://studentleadership.seattlecentral.edu/sites/studentleadership.seattlecentral.edu/files/2023-09/2223-SA-Fees-Memo.pdf,Student Leadership Program,Student Leadership Program,same,2023-24,request,140985.0,"$140,985.00",
2023-24_sa_fee_memo.pdf,3,https://studentleadership.seattlecentral.edu/sites/studentleadership.seattlecentral.edu/files/2023-09/2223-SA-Fees-Memo.pdf,SORC,Student Organization Hub,renamed_or_relabelled,2023-24,request,120002.63,"$120,002.63",
2023-24_sa_fee_memo.pdf,3,https://studentleadership.seattlecentral.edu/sites/studentleadership.seattlecentral.edu/files/2023-09/2223-SA-Fees-Memo.pdf,Student Resource Support,Student Resource Support,same,2023-24,request,136000.0,"$136,000.00",
2023-24_sa_fee_memo.pdf,3,https://studentleadership.seattlecentral.edu/sites/studentleadership.seattlecentral.edu/files/2023-09/2223-SA-Fees-Memo.pdf,Student Services,Student Services,historical_only,2023-24,request,5000.0,"$5,000.00",
2023-24_sa_fee_memo.pdf,3,https://studentleadership.seattlecentral.edu/sites/studentleadership.seattlecentral.edu/files/2023-09/2223-SA-Fees-Memo.pdf,Wood Technology Center,Wood Technology Center,same,2023-24,request,,-,
2025-26_sa_budget_summary.pdf,1,https://studentleadership.seattlecentral.edu/sites/studentleadership.seattlecentral.edu/files/2026-02/FY26_S%26A_Budget%20Summary_Final.pdf,AANAPISI,AANAPISI,same,2024-25,allocation,0.0,$0.00,
2024-25_sa_fee_memo.pdf,3,https://studentleadership.seattlecentral.edu/sites/studentleadership.seattlecentral.edu/files/2025-01/2024-25%20Student%20Services%20and%20Activities%20Fees%20Memo.pdf,ASC Book Fund,ASC Book Fund,same,2024-25,allocation,2000.0,"$2,000.00",
2025-26_sa_budget_summary.pdf,1,https://studentleadership.seattlecentral.edu/sites/studentleadership.seattlecentral.edu/files/2026-02/FY26_S%26A_Budget%20Summary_Final.pdf,ASC Book Fund,ASC Book Fund,same,2024-25,allocation,2000.0,"$2,000.00",
2024-25_sa_fee_memo.pdf,3,https://studentleadership.seattlecentral.edu/sites/studentleadership.seattlecentral.edu/files/2025-01/2024-25%20Student%20Services%20and%20Activities%20Fees%20Memo.pdf,"Equity, Diversity, Inclusion, and Community","Accessibility, Community, & Opportunity",renamed_or_reorganized,2024-25,allocation,9076.8,"$9,076.80",
2025-26_sa_budget_summary.pdf,1,https://studentleadership.seattlecentral.edu/sites/studentleadership.seattlecentral.edu/files/2026-02/FY26_S%26A_Budget%20Summary_Final.pdf,"Accessibility, Community, &
Opportunity","Accessibility, Community, & Opportunity",same,2024-25,allocation,9076.8,"$9,076.80",
2024-25_sa_fee_memo.pdf,3,https://studentleadership.seattlecentral.edu/sites/studentleadership.seattlecentral.edu/files/2025-01/2024-25%20Student%20Services%20and%20Activities%20Fees%20Memo.pdf,Associated Student Council,Associated Student Council,same,2024-25,allocation,93159.58,"$93,159.58",
2025-26_sa_budget_summary.pdf,1,https://studentleadership.seattlecentral.edu/sites/studentleadership.seattlecentral.edu/files/2026-02/FY26_S%26A_Budget%20Summary_Final.pdf,Associated Student Council,Associated Student Council,same,2024-25,allocation,93159.58,"$93,159.58",
2024-25_sa_fee_memo.pdf,3,https://studentleadership.seattlecentral.edu/sites/studentleadership.seattlecentral.edu/files/2025-01/2024-25%20Student%20Services%20and%20Activities%20Fees%20Memo.pdf,Child Assist Program,Child Assist Program,same,2024-25,allocation,20000.0,"$20,000.00",
2025-26_sa_budget_summary.pdf,1,https://studentleadership.seattlecentral.edu/sites/studentleadership.seattlecentral.edu/files/2026-02/FY26_S%26A_Budget%20Summary_Final.pdf,"Child Assist Program [combined in
SSP]",Child Assist Program,merged_into_ssp,2024-25,allocation,20000.0,"$20,000.00",
2024-25_sa_fee_memo.pdf,3,https://studentleadership.seattlecentral.edu/sites/studentleadership.seattlecentral.edu/files/2025-01/2024-25%20Student%20Services%20and%20Activities%20Fees%20Memo.pdf,Cultural Programming & Development (CAB),Cultural Programming & Development (CAB),same,2024-25,allocation,128841.99,"$128,841.99",
2025-26_sa_budget_summary.pdf,1,https://studentleadership.seattlecentral.edu/sites/studentleadership.seattlecentral.edu/files/2026-02/FY26_S%26A_Budget%20Summary_Final.pdf,"Cultural Programming & Development
(CAB)",Cultural Programming & Development (CAB),same,2024-25,allocation,128841.99,"$128,841.99",
2024-25_sa_fee_memo.pdf,3,https://studentleadership.seattlecentral.edu/sites/studentleadership.seattlecentral.edu/files/2025-01/2024-25%20Student%20Services%20and%20Activities%20Fees%20Memo.pdf,Emergency Fund,Emergency Fund,same,2024-25,allocation,25000.0,"$25,000.00",
2025-26_sa_budget_summary.pdf,1,https://studentleadership.seattlecentral.edu/sites/studentleadership.seattlecentral.edu/files/2026-02/FY26_S%26A_Budget%20Summary_Final.pdf,Emergency Fund,Emergency Fund,same,2024-25,allocation,25000.0,"$25,000.00",
2025-26_sa_budget_summary.pdf,1,https://studentleadership.seattlecentral.edu/sites/studentleadership.seattlecentral.edu/files/2026-02/FY26_S%26A_Budget%20Summary_Final.pdf,First Year Experience Peer Mentors,First Year Experience Peer Mentors,same,2024-25,allocation,0.0,$0.00,
2025-26_sa_budget_summary.pdf,1,https://studentleadership.seattlecentral.edu/sites/studentleadership.seattlecentral.edu/files/2026-02/FY26_S%26A_Budget%20Summary_Final.pdf,Food and Resource Pantry,Food and Resource Pantry,same,2024-25,allocation,0.0,$0.00,
2024-25_sa_fee_memo.pdf,3,https://studentleadership.seattlecentral.edu/sites/studentleadership.seattlecentral.edu/files/2025-01/2024-25%20Student%20Services%20and%20Activities%20Fees%20Memo.pdf,Info Central,Information Central,renamed_or_relabelled,2024-25,allocation,195205.32,"$195,205.32",
2025-26_sa_budget_summary.pdf,1,https://studentleadership.seattlecentral.edu/sites/studentleadership.seattlecentral.edu/files/2026-02/FY26_S%26A_Budget%20Summary_Final.pdf,Information Central,Information Central,same,2024-25,allocation,195205.32,"$195,205.32",
2024-25_sa_fee_memo.pdf,3,https://studentleadership.seattlecentral.edu/sites/studentleadership.seattlecentral.edu/files/2025-01/2024-25%20Student%20Services%20and%20Activities%20Fees%20Memo.pdf,Leadership & Orientation Training,Leadership & Orientation Training,same,2024-25,allocation,16384.0,"$16,384.00",
2025-26_sa_budget_summary.pdf,1,https://studentleadership.seattlecentral.edu/sites/studentleadership.seattlecentral.edu/files/2026-02/FY26_S%26A_Budget%20Summary_Final.pdf,Leadership & Orientation Training,Leadership & Orientation Training,same,2024-25,allocation,16384.0,"$16,384.00",
2024-25_sa_fee_memo.pdf,3,https://studentleadership.seattlecentral.edu/sites/studentleadership.seattlecentral.edu/files/2025-01/2024-25%20Student%20Services%20and%20Activities%20Fees%20Memo.pdf,Learning Support Network,Learning Support Network,same,2024-25,allocation,473391.87,"$473,391.87",
2025-26_sa_budget_summary.pdf,1,https://studentleadership.seattlecentral.edu/sites/studentleadership.seattlecentral.edu/files/2026-02/FY26_S%26A_Budget%20Summary_Final.pdf,Learning Support Network,Learning Support Network,same,2024-25,allocation,473391.87,"$473,391.87",
2024-25_sa_fee_memo.pdf,3,https://studentleadership.seattlecentral.edu/sites/studentleadership.seattlecentral.edu/files/2025-01/2024-25%20Student%20Services%20and%20Activities%20Fees%20Memo.pdf,M. Rosetta Hunter Art Gallery,M. Rosetta Hunter Art Gallery,same,2024-25,allocation,58513.79,"$58,513.79",
2025-26_sa_budget_summary.pdf,2,https://studentleadership.seattlecentral.edu/sites/studentleadership.seattlecentral.edu/files/2026-02/FY26_S%26A_Budget%20Summary_Final.pdf,M. Rosetta Hunter Art Gallery,M. Rosetta Hunter Art Gallery,same,2024-25,allocation,58513.79,"$58,513.79",
2024-25_sa_fee_memo.pdf,3,https://studentleadership.seattlecentral.edu/sites/studentleadership.seattlecentral.edu/files/2025-01/2024-25%20Student%20Services%20and%20Activities%20Fees%20Memo.pdf,Office Management,Office Management,same,2024-25,allocation,85967.23,"$85,967.23",
2025-26_sa_budget_summary.pdf,2,https://studentleadership.seattlecentral.edu/sites/studentleadership.seattlecentral.edu/files/2026-02/FY26_S%26A_Budget%20Summary_Final.pdf,Office Management,Office Management,same,2024-25,allocation,85967.23,"$85,967.23",
2024-25_sa_fee_memo.pdf,3,https://studentleadership.seattlecentral.edu/sites/studentleadership.seattlecentral.edu/files/2025-01/2024-25%20Student%20Services%20and%20Activities%20Fees%20Memo.pdf,Phi Theta Kappa,Phi Theta Kappa,same,2024-25,allocation,36047.71,"$36,047.71",
2025-26_sa_budget_summary.pdf,2,https://studentleadership.seattlecentral.edu/sites/studentleadership.seattlecentral.edu/files/2026-02/FY26_S%26A_Budget%20Summary_Final.pdf,Phi Theta Kappa,Phi Theta Kappa,same,2024-25,allocation,36047.71,"$36,047.71",
2024-25_sa_fee_memo.pdf,3,https://studentleadership.seattlecentral.edu/sites/studentleadership.seattlecentral.edu/files/2025-01/2024-25%20Student%20Services%20and%20Activities%20Fees%20Memo.pdf,Seattle Collegian,Seattle Collegian,same,2024-25,allocation,79142.0,"$79,142.00",
2025-26_sa_budget_summary.pdf,2,https://studentleadership.seattlecentral.edu/sites/studentleadership.seattlecentral.edu/files/2026-02/FY26_S%26A_Budget%20Summary_Final.pdf,The Seattle Collegian,Seattle Collegian,naming_variant,2024-25,allocation,79142.0,"$79,142.00",
2024-25_sa_fee_memo.pdf,3,https://studentleadership.seattlecentral.edu/sites/studentleadership.seattlecentral.edu/files/2025-01/2024-25%20Student%20Services%20and%20Activities%20Fees%20Memo.pdf,Services & Activities Fees Committee,Services & Activities Fees Committee,same,2024-25,allocation,24131.32,"$24,131.32",
2025-26_sa_budget_summary.pdf,2,https://studentleadership.seattlecentral.edu/sites/studentleadership.seattlecentral.edu/files/2026-02/FY26_S%26A_Budget%20Summary_Final.pdf,Services & Activities Fees Committee,Services & Activities Fees Committee,same,2024-25,allocation,24131.32,"$24,131.32",
2024-25_sa_fee_memo.pdf,3,https://studentleadership.seattlecentral.edu/sites/studentleadership.seattlecentral.edu/files/2025-01/2024-25%20Student%20Services%20and%20Activities%20Fees%20Memo.pdf,Student Engagement,Student Engagement,same,2024-25,allocation,45714.7,"$45,714.70",
2025-26_sa_budget_summary.pdf,2,https://studentleadership.seattlecentral.edu/sites/studentleadership.seattlecentral.edu/files/2026-02/FY26_S%26A_Budget%20Summary_Final.pdf,Student Engagement,Student Engagement,same,2024-25,allocation,45714.7,"$45,714.70",
2024-25_sa_fee_memo.pdf,3,https://studentleadership.seattlecentral.edu/sites/studentleadership.seattlecentral.edu/files/2025-01/2024-25%20Student%20Services%20and%20Activities%20Fees%20Memo.pdf,Student Leadership Program,Student Leadership Program,same,2024-25,allocation,169417.55,"$169,417.55",
2025-26_sa_budget_summary.pdf,2,https://studentleadership.seattlecentral.edu/sites/studentleadership.seattlecentral.edu/files/2026-02/FY26_S%26A_Budget%20Summary_Final.pdf,Student Leadership Program,Student Leadership Program,same,2024-25,allocation,169417.55,"$169,417.55",
2024-25_sa_fee_memo.pdf,3,https://studentleadership.seattlecentral.edu/sites/studentleadership.seattlecentral.edu/files/2025-01/2024-25%20Student%20Services%20and%20Activities%20Fees%20Memo.pdf,Student Organization Hub,Student Organization Hub,same,2024-25,allocation,127811.35,"$127,811.35",
2025-26_sa_budget_summary.pdf,2,https://studentleadership.seattlecentral.edu/sites/studentleadership.seattlecentral.edu/files/2026-02/FY26_S%26A_Budget%20Summary_Final.pdf,Student Organization Hub,Student Organization Hub,same,2024-25,allocation,127811.35,"$127,811.35",
2024-25_sa_fee_memo.pdf,3,https://studentleadership.seattlecentral.edu/sites/studentleadership.seattlecentral.edu/files/2025-01/2024-25%20Student%20Services%20and%20Activities%20Fees%20Memo.pdf,Student Resource Support,Student Resource Support,same,2024-25,allocation,139203.3,"$139,203.30",
2025-26_sa_budget_summary.pdf,2,https://studentleadership.seattlecentral.edu/sites/studentleadership.seattlecentral.edu/files/2026-02/FY26_S%26A_Budget%20Summary_Final.pdf,"Student Resource Support [combined
in SSP]",Student Resource Support,merged_into_ssp,2024-25,allocation,139203.3,"$139,203.30",
2025-26_sa_budget_summary.pdf,2,https://studentleadership.seattlecentral.edu/sites/studentleadership.seattlecentral.edu/files/2026-02/FY26_S%26A_Budget%20Summary_Final.pdf,Student Support Program Supervisor,Student Support Program Supervisor,same,2024-25,allocation,0.0,$0.00,
2025-26_sa_budget_summary.pdf,2,https://studentleadership.seattlecentral.edu/sites/studentleadership.seattlecentral.edu/files/2026-02/FY26_S%26A_Budget%20Summary_Final.pdf,Umoja Scholars Program,Umoja Scholars Program,same,2024-25,allocation,0.0,$0.00,
2024-25_sa_fee_memo.pdf,3,https://studentleadership.seattlecentral.edu/sites/studentleadership.seattlecentral.edu/files/2025-01/2024-25%20Student%20Services%20and%20Activities%20Fees%20Memo.pdf,Wood Technology Center,Wood Technology Center,same,2024-25,allocation,4000.0,"$4,000.00",
2025-26_sa_budget_summary.pdf,2,https://studentleadership.seattlecentral.edu/sites/studentleadership.seattlecentral.edu/files/2026-02/FY26_S%26A_Budget%20Summary_Final.pdf,Wood Technology Center,Wood Technology Center,same,2024-25,allocation,4000.0,"$4,000.00",
2024-25_sa_fee_memo.pdf,3,https://studentleadership.seattlecentral.edu/sites/studentleadership.seattlecentral.edu/files/2025-01/2024-25%20Student%20Services%20and%20Activities%20Fees%20Memo.pdf,ASC Book Fund,ASC Book Fund,same,2024-25,request,0.0,$0.00,biennial_adjustment_request
2024-25_sa_fee_memo.pdf,3,https://studentleadership.seattlecentral.edu/sites/studentleadership.seattlecentral.edu/files/2025-01/2024-25%20Student%20Services%20and%20Activities%20Fees%20Memo.pdf,"Equity, Diversity, Inclusion, and Community","Accessibility, Community, & Opportunity",renamed_or_reorganized,2024-25,request,0.0,$0.00,biennial_adjustment_request
2024-25_sa_fee_memo.pdf,3,https://studentleadership.seattlecentral.edu/sites/studentleadership.seattlecentral.edu/files/2025-01/2024-25%20Student%20Services%20and%20Activities%20Fees%20Memo.pdf,Associated Student Council,Associated Student Council,same,2024-25,request,93159.58,"$93,159.58",biennial_adjustment_request
2024-25_sa_fee_memo.pdf,3,https://studentleadership.seattlecentral.edu/sites/studentleadership.seattlecentral.edu/files/2025-01/2024-25%20Student%20Services%20and%20Activities%20Fees%20Memo.pdf,Child Assist Program,Child Assist Program,same,2024-25,request,0.0,$0.00,biennial_adjustment_request
2024-25_sa_fee_memo.pdf,3,https://studentleadership.seattlecentral.edu/sites/studentleadership.seattlecentral.edu/files/2025-01/2024-25%20Student%20Services%20and%20Activities%20Fees%20Memo.pdf,Cultural Programming & Development (CAB),Cultural Programming & Development (CAB),same,2024-25,request,122613.11,"$122,613.11",biennial_adjustment_request
2024-25_sa_fee_memo.pdf,3,https://studentleadership.seattlecentral.edu/sites/studentleadership.seattlecentral.edu/files/2025-01/2024-25%20Student%20Services%20and%20Activities%20Fees%20Memo.pdf,Emergency Fund,Emergency Fund,same,2024-25,request,0.0,$0.00,biennial_adjustment_request
2024-25_sa_fee_memo.pdf,3,https://studentleadership.seattlecentral.edu/sites/studentleadership.seattlecentral.edu/files/2025-01/2024-25%20Student%20Services%20and%20Activities%20Fees%20Memo.pdf,Info Central,Information Central,renamed_or_relabelled,2024-25,request,191489.4,"$191,489.40",biennial_adjustment_request
2024-25_sa_fee_memo.pdf,3,https://studentleadership.seattlecentral.edu/sites/studentleadership.seattlecentral.edu/files/2025-01/2024-25%20Student%20Services%20and%20Activities%20Fees%20Memo.pdf,Leadership & Orientation Training,Leadership & Orientation Training,same,2024-25,request,0.0,$0.00,biennial_adjustment_request
2024-25_sa_fee_memo.pdf,3,https://studentleadership.seattlecentral.edu/sites/studentleadership.seattlecentral.edu/files/2025-01/2024-25%20Student%20Services%20and%20Activities%20Fees%20Memo.pdf,Learning Support Network,Learning Support Network,same,2024-25,request,473391.87,"$473,391.87",biennial_adjustment_request
2024-25_sa_fee_memo.pdf,3,https://studentleadership.seattlecentral.edu/sites/studentleadership.seattlecentral.edu/files/2025-01/2024-25%20Student%20Services%20and%20Activities%20Fees%20Memo.pdf,M. Rosetta Hunter Art Gallery,M. Rosetta Hunter Art Gallery,same,2024-25,request,65282.72,"$65,282.72",biennial_adjustment_request
2024-25_sa_fee_memo.pdf,3,https://studentleadership.seattlecentral.edu/sites/studentleadership.seattlecentral.edu/files/2025-01/2024-25%20Student%20Services%20and%20Activities%20Fees%20Memo.pdf,Office Management,Office Management,same,2024-25,request,132111.01,"$132,111.01",biennial_adjustment_request
2024-25_sa_fee_memo.pdf,3,https://studentleadership.seattlecentral.edu/sites/studentleadership.seattlecentral.edu/files/2025-01/2024-25%20Student%20Services%20and%20Activities%20Fees%20Memo.pdf,Phi Theta Kappa,Phi Theta Kappa,same,2024-25,request,0.0,$0.00,biennial_adjustment_request
2024-25_sa_fee_memo.pdf,3,https://studentleadership.seattlecentral.edu/sites/studentleadership.seattlecentral.edu/files/2025-01/2024-25%20Student%20Services%20and%20Activities%20Fees%20Memo.pdf,Seattle Collegian,Seattle Collegian,same,2024-25,request,79142.0,"$79,142.00",biennial_adjustment_request
2024-25_sa_fee_memo.pdf,3,https://studentleadership.seattlecentral.edu/sites/studentleadership.seattlecentral.edu/files/2025-01/2024-25%20Student%20Services%20and%20Activities%20Fees%20Memo.pdf,Services & Activities Fees Committee,Services & Activities Fees Committee,same,2024-25,request,24131.32,"$24,131.32",biennial_adjustment_request
2024-25_sa_fee_memo.pdf,3,https://studentleadership.seattlecentral.edu/sites/studentleadership.seattlecentral.edu/files/2025-01/2024-25%20Student%20Services%20and%20Activities%20Fees%20Memo.pdf,Student Engagement,Student Engagement,same,2024-25,request,0.0,$0.00,biennial_adjustment_request
2024-25_sa_fee_memo.pdf,3,https://studentleadership.seattlecentral.edu/sites/studentleadership.seattlecentral.edu/files/2025-01/2024-25%20Student%20Services%20and%20Activities%20Fees%20Memo.pdf,Student Leadership Program,Student Leadership Program,same,2024-25,request,169417.55,"$169,417.55",biennial_adjustment_request
2024-25_sa_fee_memo.pdf,3,https://studentleadership.seattlecentral.edu/sites/studentleadership.seattlecentral.edu/files/2025-01/2024-25%20Student%20Services%20and%20Activities%20Fees%20Memo.pdf,Student Organization Hub,Student Organization Hub,same,2024-25,request,123000.0,"$123,000.00",biennial_adjustment_request
2024-25_sa_fee_memo.pdf,3,https://studentleadership.seattlecentral.edu/sites/studentleadership.seattlecentral.edu/files/2025-01/2024-25%20Student%20Services%20and%20Activities%20Fees%20Memo.pdf,Student Resource Support,Student Resource Support,same,2024-25,request,0.0,$0.00,biennial_adjustment_request
2024-25_sa_fee_memo.pdf,3,https://studentleadership.seattlecentral.edu/sites/studentleadership.seattlecentral.edu/files/2025-01/2024-25%20Student%20Services%20and%20Activities%20Fees%20Memo.pdf,Wood Technology Center,Wood Technology Center,same,2024-25,request,28860.0,"$28,860.00",biennial_adjustment_request
2025-26_sa_budget_summary.pdf,1,https://studentleadership.seattlecentral.edu/sites/studentleadership.seattlecentral.edu/files/2026-02/FY26_S%26A_Budget%20Summary_Final.pdf,AANAPISI,AANAPISI,same,2025-26,allocation,36630.28,"$36,630.28",
2025-26_sa_budget_summary.pdf,1,https://studentleadership.seattlecentral.edu/sites/studentleadership.seattlecentral.edu/files/2026-02/FY26_S%26A_Budget%20Summary_Final.pdf,ASC Book Fund,ASC Book Fund,same,2025-26,allocation,0.0,$0.00,
2025-26_sa_budget_summary.pdf,1,https://studentleadership.seattlecentral.edu/sites/studentleadership.seattlecentral.edu/files/2026-02/FY26_S%26A_Budget%20Summary_Final.pdf,"Accessibility, Community, &
Opportunity","Accessibility, Community, & Opportunity",same,2025-26,allocation,10700.0,"$10,700.00",
2025-26_sa_budget_summary.pdf,1,https://studentleadership.seattlecentral.edu/sites/studentleadership.seattlecentral.edu/files/2026-02/FY26_S%26A_Budget%20Summary_Final.pdf,Associated Student Council,Associated Student Council,same,2025-26,allocation,96748.0,"$96,748.00",
2025-26_sa_budget_summary.pdf,1,https://studentleadership.seattlecentral.edu/sites/studentleadership.seattlecentral.edu/files/2026-02/FY26_S%26A_Budget%20Summary_Final.pdf,"Child Assist Program [combined in
SSP]",Child Assist Program,merged_into_ssp,2025-26,allocation,,--,
2025-26_sa_budget_summary.pdf,1,https://studentleadership.seattlecentral.edu/sites/studentleadership.seattlecentral.edu/files/2026-02/FY26_S%26A_Budget%20Summary_Final.pdf,"Cultural Programming & Development
(CAB)",Cultural Programming & Development (CAB),same,2025-26,allocation,148650.92,"$148,650.92",
2025-26_sa_budget_summary.pdf,1,https://studentleadership.seattlecentral.edu/sites/studentleadership.seattlecentral.edu/files/2026-02/FY26_S%26A_Budget%20Summary_Final.pdf,Emergency Fund,Emergency Fund,same,2025-26,allocation,50000.0,"$50,000",
2025-26_sa_budget_summary.pdf,1,https://studentleadership.seattlecentral.edu/sites/studentleadership.seattlecentral.edu/files/2026-02/FY26_S%26A_Budget%20Summary_Final.pdf,First Year Experience Peer Mentors,First Year Experience Peer Mentors,same,2025-26,allocation,20314.25,"$20,314.25",
2025-26_sa_budget_summary.pdf,1,https://studentleadership.seattlecentral.edu/sites/studentleadership.seattlecentral.edu/files/2026-02/FY26_S%26A_Budget%20Summary_Final.pdf,Food and Resource Pantry,Food and Resource Pantry,same,2025-26,allocation,30000.0,"$30,000",
2025-26_sa_budget_summary.pdf,1,https://studentleadership.seattlecentral.edu/sites/studentleadership.seattlecentral.edu/files/2026-02/FY26_S%26A_Budget%20Summary_Final.pdf,Information Central,Information Central,same,2025-26,allocation,186282.0,"$186,282.00",
2025-26_sa_budget_summary.pdf,1,https://studentleadership.seattlecentral.edu/sites/studentleadership.seattlecentral.edu/files/2026-02/FY26_S%26A_Budget%20Summary_Final.pdf,Leadership & Orientation Training,Leadership & Orientation Training,same,2025-26,allocation,14581.76,"$14,581.76",
2025-26_sa_budget_summary.pdf,1,https://studentleadership.seattlecentral.edu/sites/studentleadership.seattlecentral.edu/files/2026-02/FY26_S%26A_Budget%20Summary_Final.pdf,Learning Support Network,Learning Support Network,same,2025-26,allocation,477762.58,"$477,762.58",
2025-26_sa_budget_summary.pdf,2,https://studentleadership.seattlecentral.edu/sites/studentleadership.seattlecentral.edu/files/2026-02/FY26_S%26A_Budget%20Summary_Final.pdf,M. Rosetta Hunter Art Gallery,M. Rosetta Hunter Art Gallery,same,2025-26,allocation,77930.27,"$77,930.27",
2025-26_sa_budget_summary.pdf,2,https://studentleadership.seattlecentral.edu/sites/studentleadership.seattlecentral.edu/files/2026-02/FY26_S%26A_Budget%20Summary_Final.pdf,Office Management,Office Management,same,2025-26,allocation,89492.0,"$89,492.00",
2025-26_sa_budget_summary.pdf,2,https://studentleadership.seattlecentral.edu/sites/studentleadership.seattlecentral.edu/files/2026-02/FY26_S%26A_Budget%20Summary_Final.pdf,Phi Theta Kappa,Phi Theta Kappa,same,2025-26,allocation,42435.85,"$42,435.85",
2025-26_sa_budget_summary.pdf,2,https://studentleadership.seattlecentral.edu/sites/studentleadership.seattlecentral.edu/files/2026-02/FY26_S%26A_Budget%20Summary_Final.pdf,The Seattle Collegian,Seattle Collegian,naming_variant,2025-26,allocation,83577.0,"$83,577.00",
2025-26_sa_budget_summary.pdf,2,https://studentleadership.seattlecentral.edu/sites/studentleadership.seattlecentral.edu/files/2026-02/FY26_S%26A_Budget%20Summary_Final.pdf,Services & Activities Fees Committee,Services & Activities Fees Committee,same,2025-26,allocation,7867.1,"$7,867.10",
2025-26_sa_budget_summary.pdf,2,https://studentleadership.seattlecentral.edu/sites/studentleadership.seattlecentral.edu/files/2026-02/FY26_S%26A_Budget%20Summary_Final.pdf,Student Engagement,Student Engagement,same,2025-26,allocation,0.0,$0.00,
2025-26_sa_budget_summary.pdf,2,https://studentleadership.seattlecentral.edu/sites/studentleadership.seattlecentral.edu/files/2026-02/FY26_S%26A_Budget%20Summary_Final.pdf,Student Leadership Program,Student Leadership Program,same,2025-26,allocation,186665.23,"$186,665.23",
2025-26_sa_budget_summary.pdf,2,https://studentleadership.seattlecentral.edu/sites/studentleadership.seattlecentral.edu/files/2026-02/FY26_S%26A_Budget%20Summary_Final.pdf,Student Organization Hub,Student Organization Hub,same,2025-26,allocation,134474.2,"$134,474.20",
2025-26_sa_budget_summary.pdf,2,https://studentleadership.seattlecentral.edu/sites/studentleadership.seattlecentral.edu/files/2026-02/FY26_S%26A_Budget%20Summary_Final.pdf,"Student Resource Support [combined
in SSP]",Student Resource Support,merged_into_ssp,2025-26,allocation,,--,
2025-26_sa_budget_summary.pdf,2,https://studentleadership.seattlecentral.edu/sites/studentleadership.seattlecentral.edu/files/2026-02/FY26_S%26A_Budget%20Summary_Final.pdf,Student Support Program Supervisor,Student Support Program Supervisor,same,2025-26,allocation,96277.04,"$96,277.04",
2025-26_sa_budget_summary.pdf,2,https://studentleadership.seattlecentral.edu/sites/studentleadership.seattlecentral.edu/files/2026-02/FY26_S%26A_Budget%20Summary_Final.pdf,Umoja Scholars Program,Umoja Scholars Program,same,2025-26,allocation,7500.0,"$7,500.00",
2025-26_sa_budget_summary.pdf,2,https://studentleadership.seattlecentral.edu/sites/studentleadership.seattlecentral.edu/files/2026-02/FY26_S%26A_Budget%20Summary_Final.pdf,Wood Technology Center,Wood Technology Center,same,2025-26,allocation,4000.0,"$4,000.00",
2025-26_sa_budget_summary.pdf,1,https://studentleadership.seattlecentral.edu/sites/studentleadership.seattlecentral.edu/files/2026-02/FY26_S%26A_Budget%20Summary_Final.pdf,AANAPISI,AANAPISI,same,2025-26,request,44220.15,"$44,220.15",
2025-26_sa_budget_summary.pdf,1,https://studentleadership.seattlecentral.edu/sites/studentleadership.seattlecentral.edu/files/2026-02/FY26_S%26A_Budget%20Summary_Final.pdf,ASC Book Fund,ASC Book Fund,same,2025-26,request,3000.0,"$3,000.00",
2025-26_sa_budget_summary.pdf,1,https://studentleadership.seattlecentral.edu/sites/studentleadership.seattlecentral.edu/files/2026-02/FY26_S%26A_Budget%20Summary_Final.pdf,"Accessibility, Community, &
Opportunity","Accessibility, Community, & Opportunity",same,2025-26,request,11700.0,"$11,700.00",
2025-26_sa_budget_summary.pdf,1,https://studentleadership.seattlecentral.edu/sites/studentleadership.seattlecentral.edu/files/2026-02/FY26_S%26A_Budget%20Summary_Final.pdf,Associated Student Council,Associated Student Council,same,2025-26,request,116663.0,"$116,663.00",
2025-26_sa_budget_summary.pdf,1,https://studentleadership.seattlecentral.edu/sites/studentleadership.seattlecentral.edu/files/2026-02/FY26_S%26A_Budget%20Summary_Final.pdf,"Child Assist Program [combined in
SSP]",Child Assist Program,merged_into_ssp,2025-26,request,0.0,$0.00,
2025-26_sa_budget_summary.pdf,1,https://studentleadership.seattlecentral.edu/sites/studentleadership.seattlecentral.edu/files/2026-02/FY26_S%26A_Budget%20Summary_Final.pdf,"Cultural Programming & Development
(CAB)",Cultural Programming & Development (CAB),same,2025-26,request,149238.0,"$149,238.00",
2025-26_sa_budget_summary.pdf,1,https://studentleadership.seattlecentral.edu/sites/studentleadership.seattlecentral.edu/files/2026-02/FY26_S%26A_Budget%20Summary_Final.pdf,Emergency Fund,Emergency Fund,same,2025-26,request,50000.0,"$50,000.00",
2025-26_sa_budget_summary.pdf,1,https://studentleadership.seattlecentral.edu/sites/studentleadership.seattlecentral.edu/files/2026-02/FY26_S%26A_Budget%20Summary_Final.pdf,First Year Experience Peer Mentors,First Year Experience Peer Mentors,same,2025-26,request,57000.0,"$57,000.00",
2025-26_sa_budget_summary.pdf,1,https://studentleadership.seattlecentral.edu/sites/studentleadership.seattlecentral.edu/files/2026-02/FY26_S%26A_Budget%20Summary_Final.pdf,Food and Resource Pantry,Food and Resource Pantry,same,2025-26,request,15000.0,"$15,000.00",
2025-26_sa_budget_summary.pdf,1,https://studentleadership.seattlecentral.edu/sites/studentleadership.seattlecentral.edu/files/2026-02/FY26_S%26A_Budget%20Summary_Final.pdf,Information Central,Information Central,same,2025-26,request,238402.0,"$238,402.00",
2025-26_sa_budget_summary.pdf,1,https://studentleadership.seattlecentral.edu/sites/studentleadership.seattlecentral.edu/files/2026-02/FY26_S%26A_Budget%20Summary_Final.pdf,Leadership & Orientation Training,Leadership & Orientation Training,same,2025-26,request,20000.0,"$20,000.00",
2025-26_sa_budget_summary.pdf,1,https://studentleadership.seattlecentral.edu/sites/studentleadership.seattlecentral.edu/files/2026-02/FY26_S%26A_Budget%20Summary_Final.pdf,Learning Support Network,Learning Support Network,same,2025-26,request,503767.04,"$503,767.04",
2025-26_sa_budget_summary.pdf,2,https://studentleadership.seattlecentral.edu/sites/studentleadership.seattlecentral.edu/files/2026-02/FY26_S%26A_Budget%20Summary_Final.pdf,M. Rosetta Hunter Art Gallery,M. Rosetta Hunter Art Gallery,same,2025-26,request,94729.09,"$94,729.09",
2025-26_sa_budget_summary.pdf,2,https://studentleadership.seattlecentral.edu/sites/studentleadership.seattlecentral.edu/files/2026-02/FY26_S%26A_Budget%20Summary_Final.pdf,Office Management,Office Management,same,2025-26,request,78093.62,"$78,093.62",
2025-26_sa_budget_summary.pdf,2,https://studentleadership.seattlecentral.edu/sites/studentleadership.seattlecentral.edu/files/2026-02/FY26_S%26A_Budget%20Summary_Final.pdf,Phi Theta Kappa,Phi Theta Kappa,same,2025-26,request,58035.85,"$58,035.85",
2025-26_sa_budget_summary.pdf,2,https://studentleadership.seattlecentral.edu/sites/studentleadership.seattlecentral.edu/files/2026-02/FY26_S%26A_Budget%20Summary_Final.pdf,The Seattle Collegian,Seattle Collegian,naming_variant,2025-26,request,111880.4,"$111,880.40",
2025-26_sa_budget_summary.pdf,2,https://studentleadership.seattlecentral.edu/sites/studentleadership.seattlecentral.edu/files/2026-02/FY26_S%26A_Budget%20Summary_Final.pdf,Services & Activities Fees Committee,Services & Activities Fees Committee,same,2025-26,request,7600.0,"$7,600.00",
2025-26_sa_budget_summary.pdf,2,https://studentleadership.seattlecentral.edu/sites/studentleadership.seattlecentral.edu/files/2026-02/FY26_S%26A_Budget%20Summary_Final.pdf,Student Engagement,Student Engagement,same,2025-26,request,0.0,$0.00,
2025-26_sa_budget_summary.pdf,2,https://studentleadership.seattlecentral.edu/sites/studentleadership.seattlecentral.edu/files/2026-02/FY26_S%26A_Budget%20Summary_Final.pdf,Student Leadership Program,Student Leadership Program,same,2025-26,request,220539.0,"$220,539.00",
2025-26_sa_budget_summary.pdf,2,https://studentleadership.seattlecentral.edu/sites/studentleadership.seattlecentral.edu/files/2026-02/FY26_S%26A_Budget%20Summary_Final.pdf,Student Organization Hub,Student Organization Hub,same,2025-26,request,136123.0,"$136,123.00",
2025-26_sa_budget_summary.pdf,2,https://studentleadership.seattlecentral.edu/sites/studentleadership.seattlecentral.edu/files/2026-02/FY26_S%26A_Budget%20Summary_Final.pdf,"Student Resource Support [combined
in SSP]",Student Resource Support,merged_into_ssp,2025-26,request,0.0,$0.00,
2025-26_sa_budget_summary.pdf,2,https://studentleadership.seattlecentral.edu/sites/studentleadership.seattlecentral.edu/files/2026-02/FY26_S%26A_Budget%20Summary_Final.pdf,Student Support Program Supervisor,Student Support Program Supervisor,same,2025-26,request,92119.04,"$92,119.04",
2025-26_sa_budget_summary.pdf,2,https://studentleadership.seattlecentral.edu/sites/studentleadership.seattlecentral.edu/files/2026-02/FY26_S%26A_Budget%20Summary_Final.pdf,Umoja Scholars Program,Umoja Scholars Program,same,2025-26,request,29500.0,"$29,500.00",
2025-26_sa_budget_summary.pdf,2,https://studentleadership.seattlecentral.edu/sites/studentleadership.seattlecentral.edu/files/2026-02/FY26_S%26A_Budget%20Summary_Final.pdf,Wood Technology Center,Wood Technology Center,same,2025-26,request,9300.0,"$9,300.00",
