source_snapshot,fee_code,fee_name,published_amount_usd,amount_type,reference_basis,research_focus,destination_fund,source_page,source_url
2025_board_packet,SB,International Activity,,variable,variable,S&A investigation,unverified,69.0,https://seattlecolleges.community.diligentoneplatform.com/document/6589/?lastModified=638799069088370000
current_website,SB,International Activity,,variable,variable,S&A investigation,unverified,,https://seattlecentral.edu/tuition-and-fees/fee-schedule
2025_board_packet,SV,International Student Services,200.0,fixed,quarterly,Supporting context,unverified,69.0,https://seattlecolleges.community.diligentoneplatform.com/document/6589/?lastModified=638799069088370000
current_website,SV,International Student Services,200.0,fixed,quarterly,Supporting context,unverified,,https://seattlecentral.edu/tuition-and-fees/fee-schedule
2025_board_packet,SEVP,SEVP Reporting,20.0,fixed,term,Supporting context,unverified,69.0,https://seattlecolleges.community.diligentoneplatform.com/document/6589/?lastModified=638799069088370000
current_website,SEVP,SEVP Reporting,22.0,fixed,term,Supporting context,unverified,,https://seattlecentral.edu/tuition-and-fees/fee-schedule
2025_board_packet,,International Insurance,451.71,fixed,term,Supporting context,unverified,69.0,https://seattlecolleges.community.diligentoneplatform.com/document/6589/?lastModified=638799069088370000
current_website,,International Insurance,488.58,fixed,term,Supporting context,unverified,,https://seattlecentral.edu/tuition-and-fees/fee-schedule
2025_board_packet,,International Orientation,50.0,fixed,incidental,Supporting context,unverified,69.0,https://seattlecolleges.community.diligentoneplatform.com/document/6589/?lastModified=638799069088370000
current_website,,International Orientation,50.0,fixed,incidental,Supporting context,unverified,,https://seattlecentral.edu/tuition-and-fees/fee-schedule
2025_board_packet,,District Accounting Administration,40.0,fixed,incidental,Supporting context,unverified,69.0,https://seattlecolleges.community.diligentoneplatform.com/document/6589/?lastModified=638799069088370000
current_website,,District Accounting Administration,40.0,fixed,incidental,Supporting context,unverified,,https://seattlecentral.edu/tuition-and-fees/fee-schedule
2025_board_packet,DF,Recreation Center - No S&A,60.0,fixed,quarterly,S&A investigation,unverified,69.0,https://seattlecolleges.community.diligentoneplatform.com/document/6589/?lastModified=638799069088370000
current_website,DF,Recreation Center - No S&A,60.0,fixed,quarterly,S&A investigation,unverified,,https://seattlecentral.edu/tuition-and-fees/fee-schedule
