year,source,topic,finding,status,source_url
Current policy,SBCTC Chart of Accounts,Fund 522,Associated Students fund records approved student-activity revenue and expenditures.,Verified statewide,https://www.sbctc.edu/colleges-staff/programs-services/accounting-business/clam/chart-of-accounts/funds
Current policy,SBCTC Chart of Accounts,Fund 146,"Contracts fund includes International Contract, Running Start, and other contract programs.",Verified statewide,https://www.sbctc.edu/colleges-staff/programs-services/accounting-business/clam/chart-of-accounts/funds
Current policy,SBCTC Student Financials,S&A revenue allocation,Standard S&A tuition: 96.5% to Fund 522 and 3.5% to Fund 860.,Verified statewide,https://www.sbctc.edu/colleges-staff/programs-services/accounting-business/clam/student-financials/student-financials-processes.aspx
Current policy,SBCTC Policy Chapter 5,International Contract tuition,Fee-in-lieu revenue goes to the Grants and Contracts account.,Verified statewide,https://www.sbctc.edu/colleges-staff/policies-rules/policy-manual/chapter-5
FY2024 onward,SBCTC Remittance Guidance,International revenue coding,Fund 146; revenue account 4021065. SBCTC remittance rate is 2.5%.,Verified statewide,https://www.sbctc.edu/colleges-staff/programs-services/accounting-business/rs-ic-revenue-remittance.aspx
FY2025,Seattle Colleges Budget Actions,District fund distinctions,District budget guidance identifies international revenues and student activity fees as distinct categories.,Verified district document,https://www.seattlecolleges.edu/administration/budget-info/fy2025-budget-info/fy2025-budget-actions-and-decisions
2021,Seattle Central College Council,Historical international S&A treatment,Minutes describe historical noncollection of S&A fees and prior International Programs financial support.,Historical evidence,https://seattlecentral.edu/sites/default/files/inline-files/College%20Council%20Minutes%2003.16.21.pdf
2023,Seattle Central College Council,Potential fee policy change,Discussion of a districtwide task force to investigate charging international and Running Start students S&A fees.,Historical proposal,https://seattlecentral.edu/sites/default/files/2023-11/June_2023_CC_Minutes.pdf
2024,Seattle Central College Council,Continued discussion,Minutes still describe adding these student fees as being discussed.,Historical proposal,https://seattlecentral.edu/sites/default/files/2024-03/College%20Council%20Minutes%201.18.pdf
2021,Seattle Central ASC Minutes,International S&A approval status,"ASC reported on April 12, 2021 that international S&A had not yet been approved.",Historical evidence,https://studentleadership.seattlecentral.edu/sites/studentleadership.seattlecentral.edu/files/inline-files/ASC%20minutes%20April%2012th.pdf
FY2027,Seattle Colleges Spending Freeze Guidance,Current district fund classifications,District guidance separately identifies grants/contracts Funds 145/146 and student activity fees Fund 522.,Verified district document,https://www.seattlecolleges.edu/administration/budget-info/fiscal-year-2026-2027-spending-freeze/hiring-and-personnel
FY2025,Seattle Colleges Audited Financial Statements,Interfund transaction visibility,Interfund receivables and payables are generally eliminated in financial reporting; specific fund transfers remain unverified.,Reporting limitation,https://www.seattlecolleges.edu/sites/seattlecolleges.southseattle.edu/files/2026-03/FY25%20Seattle%20Colleges%20Audited%20Financial%20Statements.pdf
2025,April 2025 Board Fee Packet,International Activity Fee,Page 69 lists SB: Int'l Activity Fee as variable. Its destination fund is not stated.,Verified fee listing,https://seattlecolleges.community.diligentoneplatform.com/document/6589/?lastModified=638799069088370000
Current listing,Seattle Central Fee Schedule,International Activity Fee,The activity fee remains listed as variable. No Fund 522 connection is specified.,Verified fee listing,https://seattlecentral.edu/tuition-and-fees/fee-schedule
Current listing,Seattle Central Fee Schedule,Recreation Center - No S&A,The $60 fee is optional for students who do not automatically pay for MAC use. It is not identified as international-only.,Verified fee listing,https://seattlecentral.edu/tuition-and-fees/fee-schedule
2025,April 2025 Board Fee Packet,SB fee classification,Page 69 classifies SB: Int'l Activity Fee as MISC / incidental / variable. Assessment and destination fund are unverified.,Verified fee classification,https://seattlecolleges.community.diligentoneplatform.com/document/6589/?lastModified=638799069088370000
Current accounting guidance,SBCTC Student Financials Item Types,Fee general-ledger configuration,Student Financials Item Types determine accounting destinations. Seattle Central's specific SB fee Item Type mapping is unverified.,Verified statewide / local mapping unresolved,https://www.sbctc.edu/colleges-staff/programs-services/accounting-business/clam/student-financials/student-financials-item-types.aspx
2023,Seattle Central ASC Procedural Manual,Fund 522 revenue sources,"Fund 522 supports approved student programs. Revenue may include S&A fees, sponsored activities, and individual contributions.",Verified 2023 college procedure,https://studentleadership.seattlecentral.edu/sites/studentleadership.seattlecentral.edu/files/2023-09/procedural-manual-2023.pdf
2023,Seattle Central ASC Procedural Manual,Financial reporting responsibility,Director of Business Operations maintains S&A financial transactions and provides periodic reports to designated college and student leadership officials.,Verified 2023 college procedure,https://studentleadership.seattlecentral.edu/sites/studentleadership.seattlecentral.edu/files/2023-09/procedural-manual-2023.pdf
Current accounting guidance,SBCTC Student Financials Item Types,Miscellaneous fee fund destinations,"Miscellaneous fees commonly use Fund 148, but accounting destinations vary. The SB fee mapping remains unverified.",General rule / local mapping unresolved,https://www.sbctc.edu/colleges-staff/programs-services/accounting-business/clam/student-financials/student-financials-item-types.aspx
Current website,South Seattle Student Assessed Fees,International student S&A exemption,South Seattle explicitly lists International Programs among S&A-exempt populations. This does not independently establish Seattle Central's assessment practices.,Verified sister-college policy,https://southseattle.edu/student-life/student-leadership/student-assessed-fees
2023,Seattle Central ASC Procedural Manual,Annual S&A revenue estimates,The Director of Business Operations estimates S&A income available for allocation. Estimates do not establish actual collections.,Verified college procedure,https://studentleadership.seattlecentral.edu/sites/studentleadership.seattlecentral.edu/files/2023-09/procedural-manual-2023.pdf
FY2025,Seattle Colleges Audited Financial Statements,Published revenue aggregation,Seattle Central revenue is presented in broad categories. Separate S&A and International Activity Fee collections cannot be determined from these statements.,Reporting limitation,https://www.seattlecolleges.edu/sites/seattlecolleges.southseattle.edu/files/2026-03/FY25%20Seattle%20Colleges%20Audited%20Financial%20Statements.pdf
